{"cameraMode":{"drawMode":0,"name":"Shaded","section":"Shading Mode"},"sceneLighting":true,"audioPlay":false,"sceneViewState":{"showFog":true,"showMaterialUpdate":false,"showSkybox":true,"showFlares":true,"showImageEffects":true,"showParticleSystems":true},"in2DMode":false,"pivot":{"x":18.5,"y":6.199999809265137,"z":-0.10000000894069672},"rotation":{"x":-0.03028927743434906,"y":-0.03238211199641228,"z":0.000981315621174872,"w":-0.9990160465240479},"size":37.51583480834961,"orthographic":false}